<?xml version="1.0" encoding="UTF-8"?>
<!DOCTYPE mapper PUBLIC "-//mybatis.org//DTD Mapper 3.0//EN" "http://mybatis.org/dtd/mybatis-3-mapper.dtd">
<mapper namespace="sanqibookmall.dao.CarouselMapper">
    <resultMap id="BaseResultMap" type="sanqibookmall.entity.Carousel">
        <id column="carousel_id" jdbcType="INTEGER" property="carouselId"/>
        <result column="carousel_url" jdbcType="VARCHAR" property="carouselUrl"/>
        <result column="redirect_url" jdbcType="VARCHAR" property="redirectUrl"/>
        <result column="carousel_rank" jdbcType="INTEGER" property="carouselRank"/>
        <result column="is_deleted" jdbcType="TINYINT" property="isDeleted"/>

    </resultMap>
    <sql id="Base_Column_List">
    carousel_id, carousel_url, redirect_url, carousel_rank, is_deleted
  </sql>
    <select id="findCarouselList" parameterType="Map" resultMap="BaseResultMap">
        select
        <include refid="Base_Column_List"/>
        from sq_carousel
        where is_deleted = 0
        order by carousel_rank desc
        <if test="start!=null and limit!=null">
            limit #{start},#{limit}
        </if>
    </select>
    <select id="getTotalCarousels" parameterType="Map" resultType="int">
        select count(*) from sq_carousel
        where is_deleted = 0
    </select>
    <select id="selectByPrimaryKey" parameterType="java.lang.Integer" resultMap="BaseResultMap">
        select
        <include refid="Base_Column_List"/>
        from sq_carousel
        where carousel_id = #{carouselId,jdbcType=INTEGER}
    </select>
    <select id="findCarouselsByNum" parameterType="int" resultMap="BaseResultMap">
        select
        <include refid="Base_Column_List"/>
        from sq_carousel
        where is_deleted = 0
        order by carousel_rank desc
        limit #{number}
    </select>
    <delete id="deleteByPrimaryKey" parameterType="java.lang.Integer">
    delete from sq_carousel
    where carousel_id = #{carouselId,jdbcType=INTEGER}
  </delete>
    <insert id="insert" parameterType="sanqibookmall.entity.Carousel">
    insert into sq_carousel (carousel_id, carousel_url, redirect_url, 
      carousel_rank, is_deleted
      )
    values (#{carouselId,jdbcType=INTEGER}, #{carouselUrl,jdbcType=VARCHAR}, #{redirectUrl,jdbcType=VARCHAR}, 
      #{carouselRank,jdbcType=INTEGER}, #{isDeleted,jdbcType=TINYINT}
      )
  </insert>
    <insert id="insertSelective" parameterType="sanqibookmall.entity.Carousel">
        insert into sq_carousel
        <trim prefix="(" suffix=")" suffixOverrides=",">
            <if test="carouselId != null">
                carousel_id,
            </if>
            <if test="carouselUrl != null">
                carousel_url,
            </if>
            <if test="redirectUrl != null">
                redirect_url,
            </if>
            <if test="carouselRank != null">
                carousel_rank,
            </if>
            <if test="isDeleted != null">
                is_deleted,
            </if>
        </trim>
        <trim prefix="values (" suffix=")" suffixOverrides=",">
            <if test="carouselId != null">
                #{carouselId,jdbcType=INTEGER},
            </if>
            <if test="carouselUrl != null">
                #{carouselUrl,jdbcType=VARCHAR},
            </if>
            <if test="redirectUrl != null">
                #{redirectUrl,jdbcType=VARCHAR},
            </if>
            <if test="carouselRank != null">
                #{carouselRank,jdbcType=INTEGER},
            </if>
        </trim>
    </insert>
    <update id="updateByPrimaryKeySelective" parameterType="sanqibookmall.entity.Carousel">
        update sq_carousel
        <set>
            <if test="carouselUrl != null">
                carousel_url = #{carouselUrl,jdbcType=VARCHAR},
            </if>
            <if test="redirectUrl != null">
                redirect_url = #{redirectUrl,jdbcType=VARCHAR},
            </if>
            <if test="carouselRank != null">
                carousel_rank = #{carouselRank,jdbcType=INTEGER},
            </if>
            <if test="isDeleted != null">
                is_deleted = #{isDeleted,jdbcType=TINYINT},
            </if>
        </set>
        where carousel_id = #{carouselId,jdbcType=INTEGER}
    </update>
    <update id="updateByPrimaryKey" parameterType="sanqibookmall.entity.Carousel">
    update sq_carousel
    set carousel_url = #{carouselUrl,jdbcType=VARCHAR},
      redirect_url = #{redirectUrl,jdbcType=VARCHAR},
      carousel_rank = #{carouselRank,jdbcType=INTEGER},
      is_deleted = #{isDeleted,jdbcType=TINYINT},
    where carousel_id = #{carouselId,jdbcType=INTEGER}
  </update>
    <update id="deleteBatch">
        update sq_carousel
        set is_deleted=1 where carousel_id in
        <foreach item="id" collection="array" open="(" separator="," close=")">
            #{id}
        </foreach>
    </update>
</mapper>