<?xml version="1.0" encoding="UTF-8"?>
<!DOCTYPE mapper PUBLIC "-//mybatis.org//DTD Mapper 3.0//EN" "http://mybatis.org/dtd/mybatis-3-mapper.dtd">
<mapper namespace="sanqibookmall.dao.IndexConfigMapper">
    <resultMap id="BaseResultMap" type="sanqibookmall.entity.IndexConfig">
        <id column="config_id" jdbcType="BIGINT" property="configId"/>
        <result column="config_name" jdbcType="VARCHAR" property="configName"/>
        <result column="config_type" jdbcType="TINYINT" property="configType"/>
        <result column="goods_id" jdbcType="BIGINT" property="goodsId"/>
        <result column="redirect_url" jdbcType="VARCHAR" property="redirectUrl"/>
        <result column="config_rank" jdbcType="INTEGER" property="configRank"/>
        <result column="major" jdbcType="VARCHAR" property="major"/>
        <result column="is_deleted" jdbcType="TINYINT" property="isDeleted"/>
    </resultMap>
    <sql id="Base_Column_List">
    config_id, config_name, config_type, goods_id, redirect_url, config_rank, major, is_deleted
  </sql>

    <select id="findIndexConfigList" parameterType="Map" resultMap="BaseResultMap">
        select
        <include refid="Base_Column_List"/>
        from sq_index_config
        <where>
            <if test="configType!=null and configType!=''">
                and config_type = #{configType}
            </if>
            and is_deleted = 0
        </where>
        order by config_rank desc
        <if test="start!=null and limit!=null">
            limit #{start},#{limit}
        </if>
    </select>
    <select id="getTotalIndexConfigs" parameterType="Map" resultType="int">
        select count(*) from sq_index_config
        <where>
            <if test="configType!=null and configType!=''">
                and config_type = #{configType}
            </if>
            and is_deleted = 0
        </where>
    </select>
    <select id="findIndexConfigsByTypeAndNum" resultMap="BaseResultMap">
        select
        <include refid="Base_Column_List"/>
        from sq_index_config
        where config_type = #{configType} and is_deleted = 0
        order by config_rank desc
        limit #{number}
    </select>

    <select id="findRecommendConfigsByTypeAndNum" resultMap="BaseResultMap">
        select
        <include refid="Base_Column_List"/>
        from sq_index_config
        where config_type = #{configType} and major = #{major} and is_deleted = 0
        order by config_rank desc
        limit #{number}
    </select>


    <select id="selectByPrimaryKey" parameterType="java.lang.Long" resultMap="BaseResultMap">
        select
        <include refid="Base_Column_List"/>
        from sq_index_config
        where config_id = #{configId,jdbcType=BIGINT} and is_deleted=0
    </select>
    <update id="deleteByPrimaryKey" parameterType="java.lang.Long">
    update sq_index_config set is_deleted=1
    where config_id = #{configId,jdbcType=BIGINT} and is_deleted=0
  </update>
    <update id="deleteBatch">
        update sq_index_config
        set is_deleted=1 where is_deleted=0 and config_id in
        <foreach item="id" collection="array" open="(" separator="," close=")">
            #{id}
        </foreach>
    </update>
    <insert id="insert" parameterType="sanqibookmall.entity.IndexConfig">
    insert into sq_index_config (config_id, config_name, config_type, 
      goods_id, redirect_url, config_rank, 
      is_deleted)
    values (#{configId,jdbcType=BIGINT}, #{configName,jdbcType=VARCHAR}, #{configType,jdbcType=TINYINT}, 
      #{goodsId,jdbcType=BIGINT}, #{redirectUrl,jdbcType=VARCHAR}, #{configRank,jdbcType=INTEGER}, 
      #{isDeleted,jdbcType=TINYINT})
  </insert>
    <insert id="insertSelective" parameterType="sanqibookmall.entity.IndexConfig">
        insert into sq_index_config
        <trim prefix="(" suffix=")" suffixOverrides=",">
            <if test="configId != null">
                config_id,
            </if>
            <if test="configName != null">
                config_name,
            </if>
            <if test="configType != null">
                config_type,
            </if>
            <if test="goodsId != null">
                goods_id,
            </if>
            <if test="redirectUrl != null">
                redirect_url,
            </if>
            <if test="configRank != null">
                config_rank,
            </if>
            <if test="isDeleted != null">
                is_deleted,
            </if>
        </trim>
        <trim prefix="values (" suffix=")" suffixOverrides=",">
            <if test="configId != null">
                #{configId,jdbcType=BIGINT},
            </if>
            <if test="configName != null">
                #{configName,jdbcType=VARCHAR},
            </if>
            <if test="configType != null">
                #{configType,jdbcType=TINYINT},
            </if>
            <if test="goodsId != null">
                #{goodsId,jdbcType=BIGINT},
            </if>
            <if test="redirectUrl != null">
                #{redirectUrl,jdbcType=VARCHAR},
            </if>
            <if test="configRank != null">
                #{configRank,jdbcType=INTEGER},
            </if>
            <if test="isDeleted != null">
                #{isDeleted,jdbcType=TINYINT},
            </if>
        </trim>
    </insert>
    <update id="updateByPrimaryKeySelective" parameterType="sanqibookmall.entity.IndexConfig">
        update sq_index_config
        <set>
            <if test="configName != null">
                config_name = #{configName,jdbcType=VARCHAR},
            </if>
            <if test="configType != null">
                config_type = #{configType,jdbcType=TINYINT},
            </if>
            <if test="goodsId != null">
                goods_id = #{goodsId,jdbcType=BIGINT},
            </if>
            <if test="redirectUrl != null">
                redirect_url = #{redirectUrl,jdbcType=VARCHAR},
            </if>
            <if test="configRank != null">
                config_rank = #{configRank,jdbcType=INTEGER},
            </if>
            <if test="isDeleted != null">
                is_deleted = #{isDeleted,jdbcType=TINYINT},
            </if>
        </set>
        where config_id = #{configId,jdbcType=BIGINT}
    </update>
    <update id="updateByPrimaryKey" parameterType="sanqibookmall.entity.IndexConfig">
    update sq_index_config
    set config_name = #{configName,jdbcType=VARCHAR},
      config_type = #{configType,jdbcType=TINYINT},
      goods_id = #{goodsId,jdbcType=BIGINT},
      redirect_url = #{redirectUrl,jdbcType=VARCHAR},
      config_rank = #{configRank,jdbcType=INTEGER},
      is_deleted = #{isDeleted,jdbcType=TINYINT}
    where config_id = #{configId,jdbcType=BIGINT}
  </update>
</mapper>